<metadata><mdLang><languageCode value="eng"/><countryCode value="USA"/></mdLang><mdChar><CharSetCd value="004"/></mdChar><mdHrLv><ScopeCd value="005"/></mdHrLv><mdContact><editorSource>external</editorSource><editorDigest>163605bbcfdc2918d752b2b8edf62e5d</editorDigest><rpOrgName>Maine Office of Geographic Information Systems</rpOrgName><rpPosName>GIS Coordinator</rpPosName><rpCntInfo><cntAddress addressType="postal"><delPoint>State House Station #145</delPoint><city>Augusta</city><adminArea>Maine</adminArea><postCode>04333</postCode><eMailAdd>OIT.Customer-Support@maine.gov</eMailAdd><country>USA</country></cntAddress><cntPhone><voiceNum>207-624-7700</voiceNum></cntPhone><cntHours>9 am to 5 pm EST</cntHours><cntInstr>Monday through Friday</cntInstr></rpCntInfo><displayName>Maine Office of Geographic Information Systems</displayName><editorSave>True</editorSave><displayName>Maine Office of Geographic Information Systems</displayName><role><RoleCd value="007"/></role></mdContact><mdStanName>ArcGIS Metadata</mdStanName><mdStanVer>1.0</mdStanVer><distInfo><distributor><distorOrdPrc><resFees units="">Access is available through Maine's wide area network; WAN users may contact the Maine Office of Information Technology, Maine Office of Geographic Information Systems (MEGIS) for a login.</resFees></distorOrdPrc><distorFormat><formatName>ARCSDE</formatName><formatVer>ArcSDE 10.0 SP5</formatVer><formatInfo>SQL Server 2008 R2</formatInfo></distorFormat><distorCont><editorSource>external</editorSource><editorDigest>163605bbcfdc2918d752b2b8edf62e5d</editorDigest><rpOrgName>Maine Office of Geographic Information Systems</rpOrgName><rpPosName>GIS Coordinator</rpPosName><rpCntInfo><cntAddress addressType="postal"><delPoint>State House Station #145</delPoint><city>Augusta</city><adminArea>Maine</adminArea><postCode>04333</postCode><eMailAdd>OIT.Customer-Support@maine.gov</eMailAdd><country>USA</country></cntAddress><cntPhone><voiceNum>207-624-7700</voiceNum></cntPhone><cntHours>9 am to 5 pm EST</cntHours><cntInstr>Monday through Friday</cntInstr></rpCntInfo><displayName>Maine Office of Geographic Information Systems</displayName><editorSave>True</editorSave><displayName>Maine Office of Geographic Information Systems</displayName><role><RoleCd value="005"/></role></distorCont></distributor><distributor><distorOrdPrc><resFees units="">Data may be downloaded from Maine GIS Internet Data Catalog at no charge.</resFees><planAvTmPd><tmBegin>2002-11-25</tmBegin><tmEnd date="now"/></planAvTmPd><ordTurn>Data is available for immediate download from the Maine GIS Internet Data Catalog.</ordTurn></distorOrdPrc><distorFormat><formatName>ESRI Shapefile</formatName><formatVer>ARC Version 10.1</formatVer><formatSpec>ArcGIS Shapefile Format</formatSpec><fileDecmTech>Data available from this website is in .zip compressed format. WinZip is a Windows based, PKZip-compatible compression utility. You will need a program like this to extract the data.</fileDecmTech><formatInfo>MEGIS has all vector layers in the Maine GIS Internet Data Catalog available in ESRI's ArcGIS shapefile format. A shapefile is a simple non-topological format that stores the geometry and attribute information for a set of geographic features as a set of vector (point, line, polygon) coordinates. Shapefiles draw quickly and directly in ArcView, ArcGIS, ArcExplorer. Shapefiles are a compatible data type for many other types of GIS software. Three files are fundamental to each shapefile: .shp stores the feature geometry (shape and location information); .shx stores the index of the feature geometry; .dbf a dBASE (TM) file stores the attribute information for the features. Other index files may be created to help speed analysis and query: these file formats are .sbn .sbx .ain .aix .fbn and .fbx. In addition you may find projection .prj, and metadata .xml, files associated with shapefiles.\</formatInfo><formatTech>If you are not already a GIS user, free software for viewing these files is available from Environmental Systems Research Institute, Inc. (ESRI) http://www.esri.com</formatTech></distorFormat><distorTran><onLineSrc><linkage>http://megis.maine.gov/catalog/</linkage><orDesc>public access to GIS data</orDesc><orName>MEGIS Data Catalog</orName><orFunct><OnFunctCd value="001"/></orFunct></onLineSrc></distorTran><distorCont><editorSource>external</editorSource><editorDigest>163605bbcfdc2918d752b2b8edf62e5d</editorDigest><rpOrgName>Maine Office of Geographic Information Systems</rpOrgName><rpPosName>GIS Coordinator</rpPosName><rpCntInfo><cntAddress addressType="postal"><delPoint>State House Station #145</delPoint><city>Augusta</city><adminArea>Maine</adminArea><postCode>04333</postCode><eMailAdd>OIT.Customer-Support@maine.gov</eMailAdd><country>USA</country></cntAddress><cntPhone><voiceNum>207-624-7700</voiceNum></cntPhone><cntHours>9 am to 5 pm EST</cntHours><cntInstr>Monday through Friday</cntInstr></rpCntInfo><displayName>Maine Office of Geographic Information Systems</displayName><editorSave>True</editorSave><displayName>Maine Office of Geographic Information Systems</displayName><role><RoleCd value="005"/></role></distorCont></distributor><distTranOps><onLineSrc><linkage>http://megis.maine.gov/catalog/</linkage></onLineSrc><transSize>0.000</transSize></distTranOps><distFormat><formatName>Shapefile</formatName></distFormat></distInfo><dataIdInfo><idCitation><date><pubDate time="unknown">2014-01-24T00:00:00</pubDate></date><resEd>v2</resEd><presForm><PresFormCd value="005"/><fgdcGeoform>vector digital data</fgdcGeoform></presForm><datasetSeries><seriesName>Maine GIS</seriesName><issId>SDE server; Internet Data Catalog</issId></datasetSeries><citRespParty><editorSource>external</editorSource><editorDigest>163605bbcfdc2918d752b2b8edf62e5d</editorDigest><rpOrgName>Maine Office of Geographic Information Systems</rpOrgName><rpPosName>GIS Coordinator</rpPosName><rpCntInfo><cntAddress addressType="postal"><delPoint>State House Station #145</delPoint><city>Augusta</city><adminArea>Maine</adminArea><postCode>04333</postCode><eMailAdd>OIT.Customer-Support@maine.gov</eMailAdd><country>USA</country></cntAddress><cntPhone><voiceNum>207-624-7700</voiceNum></cntPhone><cntHours>9 am to 5 pm EST</cntHours><cntInstr>Monday through Friday</cntInstr></rpCntInfo><displayName>Maine Office of Geographic Information Systems</displayName><editorSave>True</editorSave><displayName>Maine Office of Geographic Information Systems</displayName><role><RoleCd value="006"/></role></citRespParty><resTitle>County Boundaries</resTitle></idCitation><idAbs>&lt;DIV STYLE="text-align:Left;"&gt;&lt;DIV&gt;&lt;DIV&gt;&lt;P&gt;&lt;SPAN&gt;CNTY24 contains state and county boundaries for Maine, mapped at 1:24,000 scale. The dataset has polygon topology and was created in Arc/Info from METWP24 by a select on arcs coded TYPE = state, county, and coastline.&lt;/SPAN&gt;&lt;/P&gt;&lt;/DIV&gt;&lt;/DIV&gt;&lt;/DIV&gt;</idAbs><idPurp>The dataset provides a ready reference for county boundaries, names and county codes at 1:24,000 scale. Not for use at scales larger than 1:24,000. Data at this scale is suitable for detailed studies and local planning.</idPurp><idCredit>Credit should always be given to the data source and/or originator when the data is transferred or printed.</idCredit><idStatus><ProgCd value="001"/></idStatus><resMaint><maintFreq><MaintFreqCd value="009"/></maintFreq></resMaint><placeKeys><thesaName><resTitle>Maine GIS Thesaurus-Place</resTitle></thesaName><keyword>Franklin County</keyword><keyword>Lincoln County</keyword><keyword>Androscoggin County</keyword><keyword>Kennebec County</keyword><keyword>Piscataquis County</keyword><keyword>Cumberland County</keyword><keyword>Oxford County</keyword><keyword>United States</keyword><keyword>Maine</keyword><keyword>Hancock County</keyword><keyword>York County</keyword><keyword>Somerset County</keyword><keyword>Washington County</keyword><keyword>Waldo County</keyword><keyword>Aroostook County</keyword><keyword>Knox County</keyword><keyword>Sagadahoc County</keyword><keyword>Penobscot County</keyword></placeKeys><stratKeys><thesaName><resTitle>GCMD Parameter Keyword</resTitle></thesaName><keyword>human dimensions</keyword></stratKeys><themeKeys><thesaName><resTitle>ISO Keyword Thesaurus</resTitle></thesaName><keyword>boundaries</keyword></themeKeys><themeKeys><thesaName><resTitle>Maine GIS Thesaurus-Theme</resTitle></thesaName><keyword>county codes</keyword><keyword>fips</keyword><keyword>government</keyword><keyword>counties</keyword></themeKeys><searchKeys><keyword>Franklin County</keyword><keyword>Lincoln County</keyword><keyword>Androscoggin County</keyword><keyword>Kennebec County</keyword><keyword>boundaries</keyword><keyword>county codes</keyword><keyword>Piscataquis County</keyword><keyword>Cumberland County</keyword><keyword>Oxford County</keyword><keyword>human dimensions</keyword><keyword>United States</keyword><keyword>Maine</keyword><keyword>Hancock County</keyword><keyword>government</keyword><keyword>York County</keyword><keyword>Somerset County</keyword><keyword>counties</keyword><keyword>Washington County</keyword><keyword>Waldo County</keyword><keyword>Aroostook County</keyword><keyword>Knox County</keyword><keyword>Sagadahoc County</keyword><keyword>Penobscot County</keyword></searchKeys><resConst><Consts><useLimit>&lt;DIV STYLE="text-align:Left;"&gt;&lt;DIV&gt;&lt;DIV&gt;&lt;P&gt;&lt;SPAN&gt;Users must assume responsibility in determining the usability of this data for their purposes. Digital maps retain the accuracy of their source materials. The best use of data mapped at scales of 1:500,000 and 1:250,000 is in statewide planning and studies; at 1:100,000 in regional planning and studies; at 1:62,500 and 1:24,000 in detailed studies and local planning; and at 1:12,000 and 1:5,000 or larger scales in parcel level studies and detailed local planning. In the use of Maine GIS data, please check sources, scale, accuracy, currentness and other available information. Please confirm that you are using the correct copy of both data and metadata from the Maine GIS Data Catalog. Updates, corrections, and feedback, incorporated in the Maine GIS database are made in accordance with "Data Standards for Maine Geographic Information Systems", 2002, and coordinated by MEGIS.&lt;/SPAN&gt;&lt;/P&gt;&lt;/DIV&gt;&lt;/DIV&gt;&lt;/DIV&gt;</useLimit></Consts></resConst><spatRpType><SpatRepTypCd value="001"/></spatRpType><dataLang><languageCode value="eng"/><countryCode value="USA"/></dataLang><dataExt><exDesc>source dates</exDesc><tempEle><TempExtent><exTemp><TM_Period><tmBegin time="unknown">1948-01-01T00:00:00</tmBegin><tmEnd time="unknown">2014-01-24T00:00:00</tmEnd></TM_Period></exTemp></TempExtent></tempEle></dataExt><dataChar><CharSetCd value="004"/></dataChar><idPoC><editorSource>external</editorSource><editorDigest>163605bbcfdc2918d752b2b8edf62e5d</editorDigest><rpOrgName>Maine Office of Geographic Information Systems</rpOrgName><rpPosName>GIS Coordinator</rpPosName><rpCntInfo><cntAddress addressType="postal"><delPoint>State House Station #145</delPoint><city>Augusta</city><adminArea>Maine</adminArea><postCode>04333</postCode><eMailAdd>OIT.Customer-Support@maine.gov</eMailAdd><country>USA</country></cntAddress><cntPhone><voiceNum>207-624-7700</voiceNum></cntPhone><cntHours>9 am to 5 pm EST</cntHours><cntInstr>Monday through Friday</cntInstr></rpCntInfo><displayName>Maine Office of Geographic Information Systems</displayName><editorSave>True</editorSave><displayName>Maine Office of Geographic Information Systems</displayName><role><RoleCd value="007"/></role></idPoC><envirDesc>Microsoft Windows 7 Version 6.1 (Build 7601) Service Pack 1; Esri ArcGIS 10.1.1.3176</envirDesc><dataExt><geoEle><GeoBndBox esriExtentType="search"><exTypeCode>1</exTypeCode><westBL>-71.166757</westBL><eastBL>-66.781750</eastBL><northBL>47.460074</northBL><southBL>42.909625</southBL></GeoBndBox></geoEle></dataExt><tpCat><TopicCatCd value="003"/></tpCat></dataIdInfo><mdMaint><maintFreq><MaintFreqCd value="009"/></maintFreq><maintNote>Last metadata review date: 20140124</maintNote></mdMaint><dqInfo><dqScope><scpLvl><ScopeCd value="005"/></scpLvl></dqScope><report type="DQTopConsis"><evalMethDesc>Spatial topology meets "Data Standards for Maine Geographic Information Systems", June 2002, no overshoots, slivers, unresolved line segment intersections, open or unlabelled polygons.</evalMethDesc></report><report type="DQConcConsis"><measDesc>Spatial topology meets "Data Standards for Maine Geographic Information Systems", June 2002, no overshoots, slivers, unresolved line segment intersections, open or unlabelled polygons.</measDesc></report><report type="DQCompOm"><measDesc>Data set is complete.</measDesc></report><report type="DQQuanAttAcc"><measDesc>The attributes have been carefully examined for accuracy based on existing source material and limitations of scale.</measDesc></report><report type="DQAbsExtPosAcc" dimension="horizontal"><measDesc>Approximate horizontal accuracy is 12 meters, assuming source data meets National Map Accuracy Standards. Horizontal positional accuracy for the digital data has been tested by on screen visual comparison to the source.</measDesc><evalMethDesc>Data was derived from digital data that meets National Map Accuracy Standards for 1:24,000 scale.</evalMethDesc><measResult><QuanResult><quanVal>12</quanVal></QuanResult></measResult></report><dataLineage><prcStep><stepDesc>County boundaries were updated to reflect the following town boundary changes: Vienna/Chesterville - Town and County boundary changed per report from town official - FIRM maps and Patten Corp Plan #979 provided to verify change. Leeds/Wayne - Town and County boundary corrected with survey from Leeds.</stepDesc><stepProc><rpOrgName>Maine Office of GIS</rpOrgName><rpPosName>GIS Coordinator</rpPosName><rpCntInfo><cntPhone><voiceNum>207-624-7700</voiceNum><faxNum>207-287-3842</faxNum></cntPhone><cntAddress addressType="postal"><delPoint>State House Station #174</delPoint><city>Augusta</city><adminArea>Maine</adminArea><postCode>04955</postCode><country>US</country></cntAddress></rpCntInfo><role><RoleCd value="009"/></role></stepProc></prcStep><dataSource><srcDesc>USGS 1:24,000 scale quadrangles represent both natural (contours, coast, ponds, rivers, streams) and manmade (boundaries, roads and other transportation) features of the land. The maps are compiled to National Map Accuracy Standards (+or- 12 meters, or 40 feet, for 1::24,000). Standard 7.5x7.5 minute quadrangles cover geographic areas of 49 to 71 square miles. 1 inch at map scale represents 2000 feet. Publication dates are unique to each quadrangle. USGS quadrangles are available in provisional, full publication and photorevised formats. Map revision is costly and budgetary constraints have limited the publication of revised maps. Over 700 USGS 1::24000 scale quadrangles have been scanned and vectorized to create a set of basemaps for Maine GIS. Where USGS quadrangles are the source of Maine GIS maps, specific information on quadrangle publication dates (which range from 1948 to present) is available and quadrangle (tile) names can be derived by overlay or intersect with the MEGIS statewide tile index, INDEX24.</srcDesc><srcMedName><MedNameCd value="028"/></srcMedName><srcScale><rfDenom>24000</rfDenom></srcScale><srcCitatn><resTitle>(24k) USGS 1:24,000 scale quadrangles</resTitle><resAltTitle>24k</resAltTitle><citRespParty><rpOrgName>U.S. Geological Survey (USGS)</rpOrgName><role><RoleCd value="006"/></role></citRespParty><citRespParty><rpOrgName>U.S. Geological Survey</rpOrgName><rpCntInfo><cntAddress><delPoint>Reston VA</delPoint></cntAddress></rpCntInfo><role><RoleCd value="010"/></role></citRespParty><presForm><PresFormCd value="006"/></presForm><presForm><fgdcGeoform>map</fgdcGeoform></presForm><datasetSeries><seriesName>National Mapping Program Standard Series Topographic Maps</seriesName><issId>USGS 7.5 Minute Map Series</issId></datasetSeries><otherCitDet>24000 Publication date is unique to each quadrangle in the map series. Standard 7.5x7.5 minute quadrangles cover geographic areas of 49 to 71 square miles. 1 inch at map scale represents 2000 feet.</otherCitDet></srcCitatn><srcExt><exDesc>publication date</exDesc><tempEle><TempExtent><exTemp><TM_Period><tmBegin time="unknown">1948-01-01</tmBegin><tmEnd date="now" time="unknown"/></TM_Period></exTemp></TempExtent></tempEle></srcExt></dataSource><dataSource><srcDesc>Federal Information Processing Standard (FIPS) 55-3 provides codes for named populated places, primary county divisions (such as townships and census county divisions), American Indian and Alaska Native areas, and several kinds of facilities. It also provides comparable codes for counties and equivalent legal and statistical entities.</srcDesc><srcCitatn><resTitle>(FIPS55-3) CODES FOR NAMED POPULATED PLACES, PRIMARY COUNTY DIVISIONS, AND OTHER LOCATIONAL ENTITIES OF THE UNITED STATES</resTitle><resAltTitle>fips55-3</resAltTitle><date><pubDate>1994-12-28</pubDate></date><citRespParty><rpOrgName>National Institute of Standards and Technology</rpOrgName><rpCntInfo><cntAddress><delPoint>Washington DC</delPoint></cntAddress></rpCntInfo><role><RoleCd value="010"/></role></citRespParty><citRespParty><rpOrgName>U.S. Department of Commerce (USDOC) National Institute of Standards and Technology (NIST)</rpOrgName><role><RoleCd value="006"/></role></citRespParty><presForm><PresFormCd value="001"/></presForm><presForm><fgdcGeoform>tabular digital data</fgdcGeoform></presForm><datasetSeries><seriesName>Federal Information Processing Standards Publications (FIPS PUBS)</seriesName><issId>FIPSPUB55-3</issId></datasetSeries><otherCitDet>The Federal Information Processing Standards Publication Series of the National Institute of Standards and Technology (NIST) is the official publication relating to standards and guidelines adopted and promulgated under the provisions of Section 111(d) of the Federal Property and Administrative Services Act of 1949 as amended by the Computer Security Act of 1987, Public Law 100-235.</otherCitDet></srcCitatn><srcExt><exDesc>publication date</exDesc><tempEle><TempExtent><exTemp><TM_Instant><tmPosition time="unknown">1994-12-28</tmPosition></TM_Instant></exTemp></TempExtent></tempEle></srcExt></dataSource><dataSource><srcMedName><MedNameCd value="015"/></srcMedName><srcScale><rfDenom>24000</rfDenom></srcScale><srcCitatn><resTitle>coast</resTitle><resAltTitle>coast</resAltTitle><date><pubDate time="unknown">1995-01-01</pubDate></date><citRespParty><rpOrgName>U.S. Geological Survey (USGS), Maine Office of Geographic Information Systems (MEGIS) (comp., ed.)</rpOrgName><role><RoleCd value="006"/></role></citRespParty><citRespParty><rpOrgName>Maine Office of Geographic Information Systems (MEGIS)</rpOrgName><rpCntInfo><cntAddress><delPoint>Augusta ME</delPoint></cntAddress></rpCntInfo><role><RoleCd value="010"/></role></citRespParty><presForm><PresFormCd value="005"/></presForm><presForm><fgdcGeoform>vector digital data</fgdcGeoform></presForm><datasetSeries><seriesName>Maine GIS</seriesName><issId>SDE server; Internet Data Catalog</issId></datasetSeries></srcCitatn><srcExt><exDesc>source dates</exDesc><tempEle><TempExtent><exTemp><TM_Period><tmBegin time="unknown">1948-01-01</tmBegin><tmEnd time="unknown">1999-01-01</tmEnd></TM_Period></exTemp></TempExtent></tempEle></srcExt></dataSource><dataSource><srcDesc>USGS24k arcs were "put" from METWP24 to complete the Knox county line in Penobscot Bay, and the state line east and south of Washington county.</srcDesc><srcMedName><MedNameCd value="015"/></srcMedName><srcScale><rfDenom>24000</rfDenom></srcScale><srcCitatn><resTitle>metwp24</resTitle><resAltTitle>metwp24</resAltTitle><date><pubDate time="unknown">2007-07-01</pubDate></date><citRespParty><rpOrgName>Maine Office of Geographic Information Systems</rpOrgName><rpCntInfo><cntAddress><delPoint>Augusta ME</delPoint></cntAddress></rpCntInfo><role><RoleCd value="010"/></role></citRespParty><citRespParty><rpOrgName>Maine Office of Geographic Information Systems (MEGIS)</rpOrgName><role><RoleCd value="006"/></role></citRespParty><presForm><PresFormCd value="005"/></presForm><presForm><fgdcGeoform>vector digital data</fgdcGeoform></presForm><datasetSeries><seriesName>Maine GIS</seriesName><issId>SDE server; Internet Data Catalog</issId></datasetSeries><citOnlineRes><linkage>http://megis.maine.gov/catalog/</linkage></citOnlineRes></srcCitatn><srcExt><exDesc>source dates</exDesc><tempEle><TempExtent><exTemp><TM_Period><tmBegin time="unknown">1948-01-01</tmBegin><tmEnd time="unknown">2005-08-22</tmEnd></TM_Period></exTemp></TempExtent></tempEle></srcExt></dataSource><dataSource><srcDesc>In 1971, all Maine state agencies were requested to implement these five digit geocodes, in agency information systems, to build a base of data for Maine's Minor Civil Divisions (MCDs) and to promote data sharing. Data coded by MCD may subsequently be summarized by any other type of region, administrative district, natural area, etc. The first two digits of the geocode represent the federal (FIPS) code for Maine counties, the remaining three digits uniquely identify each of Maine's MCDs and Reservations. As an information service to state agencies and the public, geocodes for Maine, are now maintained, updated and made available for download, in comma delimited text and .dbf format, through the Maine Office of Geographic Information Systems.</srcDesc><srcCitatn><resTitle>(GEOCODE) Standard Geographic Codes for Maine Minor Civil Divisions</resTitle><resAltTitle>geocode</resAltTitle><date><pubDate>1971-05-13</pubDate></date><resEd>v1</resEd><citRespParty><rpOrgName>Maine State Planning Office</rpOrgName><rpCntInfo><cntAddress><delPoint>Augusta ME</delPoint></cntAddress></rpCntInfo><role><RoleCd value="010"/></role></citRespParty><citRespParty><rpOrgName>Maine State Planning Office (MESPO)</rpOrgName><role><RoleCd value="006"/></role></citRespParty><presForm><PresFormCd value="001"/></presForm><presForm><fgdcGeoform>tabular digital data</fgdcGeoform></presForm><otherCitDet>This citation is for the first official Standard Geographic Code endorsed and adopted by the Governor of Maine, on July 1, 1971. Geocodes have undergone subsequent revisions, all of which were "officially" rolled back to this 1971 list by Maine's Information Services Policy Board (ISPB), as of January 2000. In 1971, all Maine state agencies were requested to implement these five digit geocodes, in agency information systems, to build a base of data for Maine's Minor Civil Divisions (MCDs) and to promote data sharing. Data coded by MCD may subsequently be summarized by any other type of region, administrative district, natural area, etc. The first two digits of the geocode represent the federal code (FIPS) for Maine counties, the remaining three digits uniquely identify each of Maine's MCDs and Reservations. As an information service to state agencies and the public, geocodes for Maine, are now maintained, updated and made available for download, in comma delimited text and .dbf format, through the Maine Office of Geographic Information Systems (MEGIS) Data Catalog at http://megis.maine.gov/catalog/ , "Tables" link.</otherCitDet><citOnlineRes><linkage>http://megis.maine.gov/catalog/</linkage></citOnlineRes></srcCitatn><srcExt><exDesc>publication date</exDesc><tempEle><TempExtent><exTemp><TM_Instant><tmPosition time="unknown">1971-07-01</tmPosition></TM_Instant></exTemp></TempExtent></tempEle></srcExt></dataSource><dataSource><srcMedName><MedNameCd value="028"/></srcMedName><srcScale><rfDenom>24000</rfDenom></srcScale><srcCitatn><resTitle>(PHOTOREV)USGS 1:24000 scale photorevised quadrangles</resTitle><resAltTitle>photorev</resAltTitle><citRespParty><rpOrgName>U.S. Geological Survey (USGS)</rpOrgName><role><RoleCd value="006"/></role></citRespParty><citRespParty><rpOrgName>U.S. Geological Survey</rpOrgName><rpCntInfo><cntAddress><delPoint>Reston VA</delPoint></cntAddress></rpCntInfo><role><RoleCd value="010"/></role></citRespParty><presForm><PresFormCd value="006"/></presForm><presForm><fgdcGeoform>map</fgdcGeoform></presForm><datasetSeries><seriesName>National Mapping Program Standard Series Topographic Maps Photorevised</seriesName><issId>USGS 7.5 Minute Map Series</issId></datasetSeries><otherCitDet>24000 Publication date is unique to each quadrangle in the map series. A schedule of updates to USGS 1:24000 scale quadrangles has produced "photorevisions" of the hard copy maps. 7.5x7.5 minute quadrangles cover geographic areas of 49 to 71 square miles. 1 inch at map scale represents 2000 feet.</otherCitDet></srcCitatn><srcExt><exDesc>publication date</exDesc><tempEle><TempExtent><exTemp><TM_Instant><tmPosition time="unknown">1978-01-01</tmPosition></TM_Instant></exTemp></TempExtent></tempEle></srcExt></dataSource><dataSource><srcMedName><MedNameCd value="028"/></srcMedName><srcScale><rfDenom>100000</rfDenom></srcScale><srcCitatn><resTitle>(100k) USGS 1:100000 scale quadrangles</resTitle><resAltTitle>100k</resAltTitle><citRespParty><rpOrgName>U.S. Geological Survey</rpOrgName><rpCntInfo><cntAddress><delPoint>Reston VA</delPoint></cntAddress></rpCntInfo><role><RoleCd value="010"/></role></citRespParty><citRespParty><rpOrgName>U.S. Geological Survey (USGS)</rpOrgName><role><RoleCd value="006"/></role></citRespParty><presForm><PresFormCd value="006"/></presForm><presForm><fgdcGeoform>map</fgdcGeoform></presForm><datasetSeries><seriesName>National Mapping Program Standard Series Topographic Maps</seriesName><issId>USGS 30 x 60 Minute Map Series</issId></datasetSeries><otherCitDet>Publication date is unique to each quadrangle in the map series. Standard 30x60 minute quadrangles cover geographic areas of 1578 to 2167 square miles. 1 inch at map scale represents 1.6 miles. The following information from the Mid-continent Mapping Center (MCMC) may be pertinent in the use of 100k data: "The 100k quadrangles were primarily produced using 15 minute copy. However, P (provisional) maps and other 7.5 minute copy were also used."</otherCitDet></srcCitatn><srcExt><exDesc>publication date</exDesc><tempEle><TempExtent><exTemp><TM_Period><tmBegin time="unknown">1984-01-01</tmBegin><tmEnd time="unknown">1986-12-31</tmEnd></TM_Period></exTemp></TempExtent></tempEle></srcExt></dataSource><prcStep><stepDesc>CNTY24 version 1, contains state and county boundaries for Maine. The coverage has polygon topology and was created in Arc/Info from METWP24 by a select on arcs coded TYPE = state, county, and coastline. Polygons in the coverage were labeled with COUNTY, CNTYCODE, TAG, LAND, ISLAND. Arcs in the coverage were coded for SOURCE, TYPE and LAND. Coverage attributes were carefully examined for accuracy based on existing source material and limitations of scale. LABEL ERRORS and NODE ERRORS were resolved. The coverage was CLEANED and BUILT with POLYGON topology.</stepDesc><stepDateTm>2002-11-25</stepDateTm><stepProc><rpIndName>GIS Coordinator</rpIndName><rpOrgName>(MEGIS) Maine Office of Geographic Information Systems</rpOrgName><rpPosName>GIS Coordinator</rpPosName><rpCntInfo><cntPhone><voiceNum>207 624-7700</voiceNum><faxNum>207 287-3842</faxNum></cntPhone><cntAddress addressType="postal"><delPoint>State House Station 174</delPoint><city>Augusta</city><adminArea>ME</adminArea><postCode>04333-0174</postCode><country>US</country></cntAddress><cntHours>Monday through Friday 0800 - 1700 EST</cntHours></rpCntInfo><role><RoleCd value="009"/></role></stepProc><stepSrc type="used"><srcCitatn><resAltTitle>metwp24</resAltTitle></srcCitatn></stepSrc></prcStep><prcStep><stepDesc>The item CNTYCODENUM was added to provide a text type and numeric type field for the county code.</stepDesc><stepDateTm>2005-05-06</stepDateTm><stepProc><rpIndName>GIS Coordinator</rpIndName><rpOrgName>(MEGIS) Maine Office of Geographic Information Systems</rpOrgName><rpPosName>GIS Coordinator</rpPosName><rpCntInfo><cntPhone><voiceNum>207 624-7700</voiceNum><faxNum>207 287-3842</faxNum></cntPhone><cntAddress addressType="postal"><delPoint>State House Station 174</delPoint><city>Augusta</city><adminArea>ME</adminArea><postCode>04333-0174</postCode><country>US</country></cntAddress><cntHours>Monday through Friday 0800 - 1700 EST</cntHours></rpCntInfo><role><RoleCd value="009"/></role></stepProc></prcStep><prcStep><stepDesc>The County boundary for Franklin and Somerset was modified between the towns of Starks and Industry.  Digital parcel data, confirmation from town officials and official E911 road data all placed the boundary east of it's previous location.</stepDesc><stepRat>To provide a more accurate county boundary in this area.</stepRat><stepDateTm>2014-01-24T00:00:00</stepDateTm><stepProc><editorSource>external</editorSource><editorDigest>163605bbcfdc2918d752b2b8edf62e5d</editorDigest><rpOrgName>Maine Office of Geographic Information Systems</rpOrgName><rpPosName>GIS Coordinator</rpPosName><rpCntInfo><cntAddress addressType="postal"><delPoint>State House Station #145</delPoint><city>Augusta</city><adminArea>Maine</adminArea><postCode>04333</postCode><eMailAdd>OIT.Customer-Support@maine.gov</eMailAdd><country>USA</country></cntAddress><cntPhone><voiceNum>207-624-7700</voiceNum></cntPhone><cntHours>9 am to 5 pm EST</cntHours><cntInstr>Monday through Friday</cntInstr></rpCntInfo><displayName>Maine Office of Geographic Information Systems</displayName><editorSave>True</editorSave><displayName>Maine Office of Geographic Information Systems</displayName><role><RoleCd value="009"/></role></stepProc><stepSrc type="used"><srcDesc>Digital parcel data for Starks and Industry were used to provide a more accurate boundary description. Official monument data was provided by town official from Starks to vendor for assisting with Starks boundary update.</srcDesc></stepSrc></prcStep></dataLineage></dqInfo><eainfo><detailed Name="State"><enttyp><enttypl>county</enttypl><enttypd>polygon feature class</enttypd><enttypds>Environmental Systems Research Institute, Inc. (ESRI)</enttypds><enttypt Sync="TRUE">Feature Class</enttypt><enttypc Sync="TRUE">0</enttypc></enttyp><attr><attrlabl>FID</attrlabl><attrdef>Internal feature number.</attrdef><attrdefs>Esri</attrdefs><attrdomv><udom>Sequential unique whole numbers that are automatically generated.</udom></attrdomv><attalias Sync="TRUE">FID</attalias><attrtype Sync="TRUE">OID</attrtype><attwidth Sync="TRUE">4</attwidth><atprecis Sync="TRUE">0</atprecis><attscale Sync="TRUE">0</attscale></attr><attr><attrlabl>LAND</attrlabl><attrdef>identifies land and non-land areas</attrdef><attrdefs>MEGIS</attrdefs><attrdomv><edom><edomv>N</edomv><edomv>n</edomv><edomvd>Polygon represents fresh, estuarine, or marine water area</edomvd><edomvd>arc over water area</edomvd><edomvds>MEGIS</edomvds></edom><edom><edomv>Y</edomv><edomvd>Polygon represents land area</edomvd><edomvds>MEGIS</edomvds></edom></attrdomv><attalias Sync="TRUE">LAND</attalias><attrtype Sync="TRUE">String</attrtype><attwidth Sync="TRUE">1</attwidth><atprecis Sync="TRUE">0</atprecis><attscale Sync="TRUE">0</attscale></attr><attr><attrlabl>Shape</attrlabl><attrdef>Feature geometry.</attrdef><attrdefs>ESRI</attrdefs><attrdomv><udom>Coordinates defining the features.</udom></attrdomv><attalias Sync="TRUE">Shape</attalias><attrtype Sync="TRUE">Geometry</attrtype><attwidth Sync="TRUE">0</attwidth><atprecis Sync="TRUE">0</atprecis><attscale Sync="TRUE">0</attscale></attr></detailed><overview><eaover>CNTY24 contains state and county boundaries for Maine. The coverage has polygon topology and  was created in Arc/Info from METWP24 by a select on arcs coded TYPE = state, county, and coastline. Polygons in the coverage are labeled with COUNTY, CNTYCODE, TAG, LAND, ISLAND. Arcs in the coverage are coded for TYPE and LAND. Please note recommended feature level metadata items FMSRC, FMSRCORG, FMSRCDAT, FMPROCSS, FMUPDORG, FMUPDDAT have been added to the arc coding of this coverage to replace the item SOURCE. These items are intended for use in providing specific information about the source of changes to the location of arc features in the coverage and contain codes that cross reference the elements Source Citation Abbreviation, Source Publication Date, Process Step, Process Contact and Process Date in Federal Geographic Data Committee(FGDC) compliant metadata for the coverage. For more information related to feature level metadata see http://www.maine.gov/megis/policies/</eaover><eadetcit>The  ArcView shapefile and ArcGIS geodatabase formats, commonly used for Maine GIS data, carry default identifiers and attributes that are software generated and/or important for internal recordkeeping. These are listed here to avoid repetition for every layer, and may not be repeated in the attribute descriptions and definitions of each layer. Common software generated identifiers and attributes in Maine GIS data include: FID (feature identifier), Shape (feature geometry), OBJECTID and SHAPE_lengt.  In addition, most GIS formats will carry fields for PERIMETER, AREA and/or LENGTH according to feature geometry. These fields are typically available by default, with the units based on coordinate system or projection units of GIS data. Most GIS software packages also provide a means to calculate these values. It is important to test any columns containing PERIMETER, AREA or LENGTH values before using them for analysis purposes. These important values can be carried from format to format and become out-dated. Verify that the values are correct. Also, in your GIS software, please view the properties of data layers for the map units used to calculate these fields, and for the units set for display purposes.</eadetcit></overview></eainfo><mdHrLvName>dataset</mdHrLvName><refSysInfo><RefSystem><refSysID><identCode code="26919"/><idCodeSpace>EPSG</idCodeSpace><idVersion>7.11.2</idVersion></refSysID></RefSystem></refSysInfo><spatRepInfo><VectSpatRep><geometObjs Name="State"><geoObjTyp><GeoObjTypCd value="002" Sync="TRUE"></GeoObjTypCd></geoObjTyp><geoObjCnt Sync="TRUE">0</geoObjCnt></geometObjs><topLvl><TopoLevCd value="001" Sync="TRUE"></TopoLevCd></topLvl></VectSpatRep></spatRepInfo><spdoinfo><ptvctinf><esriterm Name="State"><efeatyp Sync="TRUE">Simple</efeatyp><efeageom code="4" Sync="TRUE"></efeageom><esritopo Sync="TRUE">FALSE</esritopo><efeacnt Sync="TRUE">0</efeacnt><spindex Sync="TRUE">FALSE</spindex><linrefer Sync="TRUE">FALSE</linrefer></esriterm></ptvctinf></spdoinfo><mdDateSt>20140415</mdDateSt><Esri><DataProperties><itemProps><itemName Sync="TRUE">State</itemName><imsContentType Sync="TRUE">002</imsContentType><itemSize Sync="TRUE">0.000</itemSize><itemLocation><linkage Sync="TRUE">file://\\5C1WJQ1\C$\Temp\Digital_Atlas_Update\TEMP\Digital Atlas V6Working\Digital_Atlas_v6\data\shapefiles\State.shp</linkage><protocol Sync="TRUE">Local Area Network</protocol></itemLocation></itemProps><coordRef><type Sync="TRUE">Projected</type><geogcsn Sync="TRUE">GCS_North_American_1983</geogcsn><csUnits Sync="TRUE">Linear Unit: Meter (1.000000)</csUnits><projcsn Sync="TRUE">NAD_1983_UTM_Zone_19N</projcsn><peXml Sync="TRUE">&lt;ProjectedCoordinateSystem xsi:type='typens:ProjectedCoordinateSystem' xmlns:xsi='http://www.w3.org/2001/XMLSchema-instance' xmlns:xs='http://www.w3.org/2001/XMLSchema' xmlns:typens='http://www.esri.com/schemas/ArcGIS/10.4'&gt;&lt;WKT&gt;PROJCS[&amp;quot;NAD_1983_UTM_Zone_19N&amp;quot;,GEOGCS[&amp;quot;GCS_North_American_1983&amp;quot;,DATUM[&amp;quot;D_North_American_1983&amp;quot;,SPHEROID[&amp;quot;GRS_1980&amp;quot;,6378137.0,298.257222101]],PRIMEM[&amp;quot;Greenwich&amp;quot;,0.0],UNIT[&amp;quot;Degree&amp;quot;,0.0174532925199433]],PROJECTION[&amp;quot;Transverse_Mercator&amp;quot;],PARAMETER[&amp;quot;False_Easting&amp;quot;,500000.0],PARAMETER[&amp;quot;False_Northing&amp;quot;,0.0],PARAMETER[&amp;quot;Central_Meridian&amp;quot;,-69.0],PARAMETER[&amp;quot;Scale_Factor&amp;quot;,0.9996],PARAMETER[&amp;quot;Latitude_Of_Origin&amp;quot;,0.0],UNIT[&amp;quot;Meter&amp;quot;,1.0],AUTHORITY[&amp;quot;EPSG&amp;quot;,26919]]&lt;/WKT&gt;&lt;XOrigin&gt;-5120900&lt;/XOrigin&gt;&lt;YOrigin&gt;-9998100&lt;/YOrigin&gt;&lt;XYScale&gt;450445547.3910538&lt;/XYScale&gt;&lt;ZOrigin&gt;-100000&lt;/ZOrigin&gt;&lt;ZScale&gt;10000&lt;/ZScale&gt;&lt;MOrigin&gt;-100000&lt;/MOrigin&gt;&lt;MScale&gt;10000&lt;/MScale&gt;&lt;XYTolerance&gt;0.001&lt;/XYTolerance&gt;&lt;ZTolerance&gt;0.001&lt;/ZTolerance&gt;&lt;MTolerance&gt;0.001&lt;/MTolerance&gt;&lt;HighPrecision&gt;true&lt;/HighPrecision&gt;&lt;WKID&gt;26919&lt;/WKID&gt;&lt;LatestWKID&gt;26919&lt;/LatestWKID&gt;&lt;/ProjectedCoordinateSystem&gt;</peXml></coordRef></DataProperties><SyncDate>20161006</SyncDate><SyncTime>15405700</SyncTime><ModDate>20161006</ModDate><ModTime>15405700</ModTime></Esri></metadata>
